https://joannatate.com/wp-admin/;orders;H3ir3ss! 
orders@joannatate.com:H3ir3ss!
https://uec-eg.com/wp-admin/;mazenabbady;Ah@2055279 
sohile@uec-eg.com:Ah@2055279
https://www.bonsaiflowers.com/my-account/;imad;test123 
imad@bonsaiflowers.com:test123
https://www.bonsaiflowers.com/my-account/;imad@bonsaiflowers.com;test123 
imad@bonsaiflowers.com:test123
https://www.carrietolomei.com/wp-admin/;carrietolo;sep468 
carrie@carrietolomei.com:sep468
https://swiftpac.com/wp-admin/profile.php;projects@swiftpac.com;hw&f#%(Uwx*zVAbVq3suX5vH 
marketing@swiftpac.com:castledxp
https://www.spsistem.com/wp-admin/;spsdirezione;ter3bis2 
uff.vendite@spsistem.com:qocojace
https://luisolmedo.com/my-account/;contacto@luisolmedo.com;olmedo89 
contacto@luisolmedo.com:Olmedo89
https://hostingduty.com/wp-admin/;priya.sharma;Welcome@123 
ninad@hostingduty.com:Welcome@123
https://www.salento4green.com/wp-admin/;capocciaf;Sepafa966766 
direzione@salento4green.com:Sepafa966766
https://tekpillar.com/;sanjay;Sanjay@8183 
sanjay@tekpillar.com:Dipal6464
https://1eyeonu.com/wp-admin/;julien;1Sanford1 
contact@1eyeonu.com:1Sanford1
https://petvillglobal.com/wp-admin/;amk;Aa69000@@ 
admin@petvillglobal.com:Aa69000@@
https://smartopenlab.com/wp-admin/;lab_3d@smartopenlab.com;kike135790SOL 
pc-hp_1@smartopenlab.com:FabLabSOL21
https://designingtransformation.com/my-account/;lianne;Lee118505 
lianne@designingtransformation.com:Lee118505
https://thebsagroup.com/wp-admin/;support;Notrust34! 
bstarr@thebsagroup.com:Notrust34
https://smartsecuritylb.com/wp-admin/;sales@smartsecuritylb.com;smart@2020 
sales@smartsecuritylb.com:smart@2020
https://www.locationschic.com/my-account/;accounting@locationschic.com;laplaza1 
accounting@locationschic.com:@damo2245
https://www.vexsoluciones.com/wp-admin/;toto;Amigos1. 
soporte@vexsoluciones.com:20607014265
https://clareblanc.com/moje-konto/;ipalarska;Migolapka76 
ipalarska@clareblanc.com:Migolapka76