orders@joannatate.com:H3ir3ss!
sohile@uec-eg.com:Ah@2055279
imad@bonsaiflowers.com:test123
imad@bonsaiflowers.com:test123
carrie@carrietolomei.com:sep468
marketing@swiftpac.com:castledxp
uff.vendite@spsistem.com:qocojace
contacto@luisolmedo.com:Olmedo89
ninad@hostingduty.com:Welcome@123
direzione@salento4green.com:Sepafa966766
sanjay@tekpillar.com:Dipal6464
contact@1eyeonu.com:1Sanford1
admin@petvillglobal.com:Aa69000@@
pc-hp_1@smartopenlab.com:FabLabSOL21
lianne@designingtransformation.com:Lee118505
bstarr@thebsagroup.com:Notrust34
sales@smartsecuritylb.com:smart@2020
accounting@locationschic.com:@damo2245
soporte@vexsoluciones.com:20607014265
ipalarska@clareblanc.com:Migolapka76
ipalarska@clareblanc.com:Migolapka76
info@abynaturals.com:Oluchi12
cindy@conntagious.com:brandev2
info@chesapeakeframing.com:TCFCRocks
mail@jeroenvanvliet.com:a112358a
mail@jeroenvanvliet.com:a112358a
sanyam@rksteelwares.com:CoolboyJain1
mail@salvafuset.com:Nancy7922
narendrasingh.jodha@tech-act.com:Le*_1234
booth@themiraclebrothers.com:Godchild1
info@overboxtv.com:Overbox6110
info@ovoarquitectos.com:JuanjeDani19
info@edblee.com:Edblee@35
arkadiusz.kalinowski@leiadisplay.com:!Q@W3e4r
prensa@asofuer.com:gc3122bb
bclay@justtherightbook.com:18611151
oscar@totalcomp.com:ravioli2004
chris@mealsinamoment.com:Topher851981
ashrafragheb@freshfarmgroup.com:P@$$w0rdreto
info@latamcoachingschool.com:Coaching2022.
info@latamcoachingschool.com:Coaching2022.
paramasivam@saravanamedicals.com:875610
info@monsterofferspy.com:Offers_11
daniel@solidleaders.com:818p@li$ade
admin@growintek.com:Password786(@
sebastien.ya@wurth-caraibes.com:Kurone01@
joaquin@aulaactivadetrading.com:081021
sebastien.ya@wurth-caraibes.com:Kurone01@
john.muriu@swifttdial.com:J#aGdJbVPVCKht4
sanketkandade@inkwale.com:Chapter1987
lynn@imagesbylynn.com:jlwnov1958
catherine@windycityparrot.com:sunshine1234
produccion@tapimovil.com:produccionqq
contact@jvkmotors.com:Aa66994798$
jean-marie@7haircare.com:Bystarlight17
jean-marie@7haircare.com:Bystarlight17
preston@primamarketinginc.com:Prima12!
biuro_5@joannajachowicz.com:asiajachowicz1
cameronjackson@spenic.com:Sandra44
support@oxygenites.com:rocker`1
support@oxygenites.com:rocker`1
support@oxygenites.com:rocker`1
support@oxygenites.com:rocker`1
admin@pk.thehrlink.com:.Com123@!
javilela@fenocol.com:teEEln3Q
info@iteshub.com:Kic@2015#
giangnd@gameestudio.com:Gamee1324
commercial@hexdalle.com:Mobysol83
contacto@tiketeraya.com:@tiketera123
info@estsharti.com:AsAs4321
garry@revillgroup.com:Condo-Canine1
info@maisonmesa.com:Estercolero1971
danielle@honeytreepreschool.com:kaiateja21
support@airclickshop.com:Raider@25678
administratif@regetherm.com:reg387374
accounting@milamtrans.com:Keepgoing2021!
shashika@obisl.com:Agent@143234
simon@simonsterstrength.com:Temporary1#
jason@tontio.com:Sycamore2022#
crisgnerd@galaxianerd.com:nerd2020cris
crisgnerd@galaxianerd.com:nerd2020cris
sharonsmith@askinsight.com:Labradoodle17
support@fabthrive.com:Tecsour@$77#
jamie@wildscape-engineering.com:Beaver22!
tina.jones@disley.com:Mickey66!
tina.jones@disley.com:Mickey66!
tjohnston@createnewstarts.com:789forlunch$
billing@sharplawnsturf.com:Nflh181214
rchan@sillegapublicidad.com:050610nyr
peter@voodoomarketingsl.com:v00d00759
omid@soofastaei-publications.com:ttpMu7UeBy
contact@kristintudor.com:KF053114!ty
inquiry@saintstag.com:Stag@2021
victoria@rhgaconsultants.com:Kingdom@2200
admin@bidancorp.com:F@on5XpSq*C@riD*O6kr9yas
ventas@laxirstore.com:Arroniz33
info@melaninwrappingpaper.com:Designmine%@21!
support@numeris-ml.com:Winnersmali!21
dean@deanhitt.com:Monkey10#!
kendra@newinbloom.com:Charliebrown7
mehmet.alici@alicibilgisayar.com:AE3128ae
sales@storminggifts.com:BH$12345
david.faure@dg-job.com:Gyk9CeW$L%4Dv
info@pukkamed.com:Pukka2020++
quade@qsroutdoors.com:Blue78?
noreplay@uncgateway.com:Pakistan@1122
admin@kakshacool.com:Himanshu@old1
jason@billsbestbbq.com:richard33
pedidos@elreydelastarjetas.com:vchprz2x2x
ahmed.ibrahim@mdkmart.com:Afefy208211
stafford@drummonds-uk.com:charlotte
markn@mokefinewines.com:Staticfloor927
3k21nvon@ss7trader.com:Nexus178193
craig@csrbuild.com:Getreel123
contact@copymage.com:edgar2014
oscar@viesmat.com:Oscar0203
hello@thinksmartup.com:Bentley2021!
fidel@agenciaintrepida.com:Condor0313+
arthurtsou@osirialasers.com:zxz15927678946
holly@presencepoint.com:12Kitale27!!
andrew.dickenson@productfocus.com:Mailtholia1
daniel@danielgoepfrich.com:Zinger7611
michael@spankyshotrods.com:zaq12wsx
contact@hellosmaak.com:Hell0sm@@k44
michel@michelvilleneuve.com:Asdmkm123
jason@cpteamwear.com:marketingX1
grantw@bondamerica.com:Conway20
grantw@bondamerica.com:Conway20
sharon@vegandistribution.com:ChingHai2437
sales247@rafflesiabd.com:123@Dhaka@456
pwatkins@woodwayengineering.com:Katie2121
careers@capdeck.com:Suzann1986!
president@nyyrc.com:Powerfly69*
enquiry@burystedmundsprinting.com:goldengate
contact@theakkiexplorer.com:Fear@123
tesoreria@gtcims.com:Cims2022
phil@phileigh.com:$T1ngray
admin@queenschateau.com:Lokre2019
morvin@gigabove.com:G1g@bove
joscelyn@mamiofmultiples.com:campbell1126
joscelyn@mamiofmultiples.com:campbell1126
joscelyn@mamiofmultiples.com:campbell1126
vinilosyserigrafia@vinilosyserigrafia.com:Publicom2015
fabio@i-esse.com:is92245l
marlo@highcottonbath.com:Lotions1
jenny@scentsandfeel.com:moumoune